{
  "image_crop": {
    "right": 92,
    "bottom": 46
  },
  "image_coords": [
    [	0.4067402	, 	25.1162402	, 	41.5925598	, 	29.2863598	],
    [	0.4034402	, 	20.1619402	, 	41.6043598	, 	24.3614598	],
    [	0.4064402	, 	15.2674402	, 	41.6037598	, 	19.4056598	],
    [	0.4051402	, 	10.3015402	, 	41.6050598	, 	14.5148598	],
    [	0.4082402	, 	5.3908402	, 	41.6042598	, 	9.5474598	]

  ],
    "time_textbox_coords": [
    [0.3282, 24.511, 41.6829, 25.0021],
    [0.3305, 19.5585, 41.6791, 20.0467],
    [0.3292, 14.6665, 41.6831, 15.1563],
    [0.3279, 9.697, 41.6809, 10.1847],
    [0.3288, 4.8061, 41.6807, 5.2769]
  ]
}
