{
  "template_name": "Standard Slice Files (Temp 9-No Txt-Flattened)",
  "image_crop": {
    "right": 92,
    "bottom": 46
  },
  "image_coords": [
    [0.3507402, 21.1990402, 13.2855598, 29.3502598],
    [13.5146402, 21.1970402, 26.4860598, 29.3461598],
    [26.7190402, 21.2052402, 39.6852598, 29.3510598],
    [0.3492402, 12.1966402, 13.2849598, 20.4011598],
    [13.5134402, 12.1962402, 26.4830598, 20.4014598],
    [26.7141402, 12.1956402, 39.6836598, 20.4042598],
    [0.3541402, 3.1940402, 13.2842598, 11.4030598],
    [13.5167402, 3.1968402, 26.4853598, 11.4033598],
    [26.7120402, 3.1925402, 39.6834598, 11.4035598]
  ],
  "time_textbox_coords": [
    [0.2686, 20.5157, 13.3645, 21.0809],
    [13.4345, 20.5189, 26.5599, 21.0779],
    [26.6338, 20.5183, 39.7596, 21.0788],
    [0.2664, 11.5203, 13.3612, 12.0818],
    [13.4332, 11.5155, 26.5625, 12.0786],
    [26.6322, 11.5161, 39.7613, 12.078],
    [0.2706, 2.5314, 13.3588, 3.0766],
    [13.427, 2.5381, 26.5623, 3.0774],
    [26.6342, 2.5419, 39.7641, 3.0781]
  ]
}
